{
  "theme" : [
    {
      "id" : 0,
      "themeName": "Full Catalog",
      "descr" : "Whether you’re trying to level up your career, build your side project, or simply play around with programming, you’ve found the right place to start. Explore our programs and courses, try an exercise or two, and join our community of 45 million learners."
    },
    {
      "id" : 1,
      "themeName": "Web development",
      "descr": "Tell your story, grow your business, or learn new skills to use at work. These courses teach you the skills to start building stunning websites."
    },
    {
      "id" : 2,
      "themeName": "Programming",
      "descr": "Take full advantage of a computer’s power by learning to use the world’s most popular programming languages. Learn to automate tasks, manipulate files, sort and search through data efficiently, and much more."
    },
    {
      "id" : 3,
      "themeName": "Data Science",
      "descr": "Today’s technology has made it easier than ever for businesses and organizations to accumulate data on a massive scale. These courses will teach you how to wrangle large, unstructured sets of data to gain insights and make data-driven decisions."
    },
    {
      "id" : 4,
      "themeName": "Partnerships",
      "descr": "We’ve partnered with experts to bring you industry-relevant skills and technologies."
    },
    {
      "id" : 5,
      "themeName": "Design",
      "descr":"Design is essential to bringing a product to life. The courses below will help you to make thoughtful design decisions, learn first principles in responsive design, and create a compelling user experience."
    }
  ]
}

