{
  "skillPath": [
    {
      "img": "./img/courses/skill1.svg",
      "bgColor": "#6437cc",
      "title": "Analyze Data with Python",
      "descr": "Learn how to analyze and visualize data using Python.",
      "theme": [0, 3],
      "language": [1]
    },
    {
      "img": "./img/courses/skill2.svg",
      "bgColor": "#d957d9",
      "title": "Analyze Data with SQL",
      "descr": "Master SQL queries and work with multiple datasets so you can analyze your business data and level up your career.",
      "theme": [0, 3],
      "language": [4]
    },
    {
      "img": "./img/courses/skill3.svg",
      "bgColor": "#47cca0",
      "title": "Create a Back-End App with JavaScript",
      "descr": "Learn how to build back-end web APIs using Express.js, Node.js, SQL, and a Node.js-SQLite database library.",
      "theme": [0, 1],
      "language": [2]
    },
    {
      "img": "./img/courses/skill4.svg",
      "bgColor": "#47cca0",
      "title": "Create a Front-End App with React",
      "descr": "Learn to build front-end web apps with JavaScript and React.",
      "theme": [0, 1],
      "language": []
    },
    {
      "img": "./img/courses/skill5.svg",
      "bgColor": "#6437cc",
      "title": "Get Started with Machine Learning",
      "descr": "Learn the fundamentals of machine learning and apply those concepts to real world data!",
      "theme": [0, 3],
      "language": [1]
    },
    {
      "img": "./img/courses/skill6.svg",
      "bgColor": "#2d5dcc",
      "title": "Learn How to Build Websites ",
      "descr": "Learn the basics of web development to build your own website.",
      "theme": [0, 1],
      "language": [0]
    }
  ]

}
