{
  "language": [
    {
      "id" : 1,
      "languageName": "HTML & CSS"
    },
    {
      "id" : 2,
      "languageName": "Python"
    },
    {
      "id" : 3,
      "languageName": "JavaScript"
    },
    {
      "id" : 4,
      "languageName": "Java"
    },
    {
      "id" : 5,
      "languageName": "SQL"
    },
    {
      "id" : 6,
      "languageName": "Bash/Shell"
    },
    {
      "id" : 7,
      "languageName": "Ruby"
    },
    {
      "id" : 8,
      "languageName": "C++"
    }
  ]
}
